Workbook

Sheet Events
A1: file | B1: capture_no | C1: switch_runtime_s | D1: capture_time_s | E1: latency_s | F1: settings_offset_s | G1: corrected_latency_s
A2: flight_log_1.csv | B2: 1 | C2: 25.718836 | D2: 31.727216 | E2: =D2-C2 -> 6.00838 | F2: 4 | G2: =E2-F2 -> 2.00838
A3: flight_log_1.csv | B3: 2 | C3: 41.742708 | D3: 47.750435 | E3: =D3-C3 -> 6.007727 | F3: 4 | G3: =E3-F3 -> 2.007727
A4: flight_log_1.csv | B4: 3 | C4: 55.76342 | D4: 61.772048 | E4: =D4-C4 -> 6.0086285 | F4: 4 | G4: =E4-F4 -> 2.0086285
A5: flight_log_2.csv | B5: 1 | C5: 7.209591 | D5: 13.217233 | E5: =D5-C5 -> 6.0076421 | F5: 4 | G5: =E5-F5 -> 2.0076421
A6: flight_log_3.csv | B6: 1 | C6: 56.406797 | D6: 62.415156 | E6: =D6-C6 -> 6.0083592 | F6: 4 | G6: =E6-F6 -> 2.0083592
A7: flight_log_3.csv | B7: 2 | C7: 69.426547 | D7: 75.435476 | E7: =D7-C7 -> 6.0089284 | F7: 4 | G7: =E7-F7 -> 2.0089284
A8: flight_log_3.csv | B8: 3 | C8: 258.69103 | D8: 264.69953 | E8: =D8-C8 -> 6.0084956 | F8: 4 | G8: =E8-F8 -> 2.0084956
A9: flight_log_3.csv | B9: 4 | C9: 303.75516 | D9: 309.76378 | E9: =D9-C9 -> 6.0086161 | F9: 4 | G9: =E9-F9 -> 2.0086161
A10: flight_log_4.csv | B10: 1 | C10: 42.990668 | D10: 48.998894 | E10: =D10-C10 -> 6.0082251 | F10: 4 | G10: =E10-F10 -> 2.0082251
A11: flight_log_4.csv | B11: 2 | C11: 58.013348 | D11: 64.022038 | E11: =D11-C11 -> 6.0086897 | F11: 4 | G11: =E11-F11 -> 2.0086897
A12: flight_log_5.csv | B12: 1 | C12: 53.376787 | D12: 55.379897 | E12: =D12-C12 -> 2.0031101 | F12: 0 | G12: =E12-F12 -> 2.0031101
A13: flight_log_5.csv | B13: 2 | C13: 78.414115 | D13: 80.416796 | E13: =D13-C13 -> 2.0026815 | F13: 0 | G13: =E13-F13 -> 2.0026815
A14: flight_log_5.csv | B14: 3 | C14: 99.445583 | D14: 101.44866 | E14: =D14-C14 -> 2.0030812 | F14: 0 | G14: =E14-F14 -> 2.0030812

Sheet Summary
A1: group | B1: count | C1: mean_s | D1: std_dev_s | E1: min_s | F1: max_s
A2: All events | B2: =COUNT(Events!$G$2:$G$14) -> 13 | C2: =AVERAGE(Events!$G$2:$G$14) -> 2.0071203 | D2: =STDEV(Events!$G$2:$G$14) -> 0.0024016826 | E2: =MIN(Events!$G$2:$G$14) -> 2.0026815 | F2: =MAX(Events!$G$2:$G$14) -> 2.0089284
A3: Logs 1-4 (offset 4 s) | B3: =COUNT(Events!$G$2:$G$11) -> 10 | C3: =AVERAGE(Events!$G$2:$G$11) -> 2.0083692 | D3: =STDEV(Events!$G$2:$G$11) -> 0.00041119646 | E3: =MIN(Events!$G$2:$G$11) -> 2.0076421 | F3: =MAX(Events!$G$2:$G$11) -> 2.0089284
A4: Log 5 | B4: =COUNT(Events!$G$12:$G$14) -> 3 | C4: =AVERAGE(Events!$G$12:$G$14) -> 2.0029576 | D4: =STDEV(Events!$G$12:$G$14) -> 0.00023958207 | E4: =MIN(Events!$G$12:$G$14) -> 2.0026815 | F4: =MAX(Events!$G$12:$G$14) -> 2.0031101
A6: Std dev is the sample std dev (STDEV). Corrected latency = raw latency minus the settings offset (4 s for logs 1-4, 0 for log 5).

Sheet Logging
A1: file | B1: rows | C1: mean_interval_s | D1: std_dev_interval_s | E1: min_interval_s | F1: max_interval_s | G1: dropped_rows | H1: switch_flips | I1: captures | J1: flips_ignored_mid_capture
A2: flight_log_1.csv | B2: 74 | C2: 1.0014 | D2: 0.00025 | E2: 1.0004 | F2: 1.0024 | G2: 0 | H2: 4 | I2: 3 | J2: 1
A3: flight_log_2.csv | B3: 57 | C3: 1.0014 | D3: 0.00024 | E3: 1.0003 | F3: 1.0023 | G3: 0 | H3: 1 | I3: 1 | J3: 0
A4: flight_log_3.csv | B4: 315 | C4: 1.0014 | D4: 0.00018 | E4: 1.0004 | F4: 1.0026 | G4: 0 | H4: 4 | I4: 4 | J4: 0
A5: flight_log_4.csv | B5: 71 | C5: 1.0015 | D5: 0.00024 | E5: 1.0004 | F5: 1.0025 | G5: 0 | H5: 2 | I5: 2 | J5: 0
A6: flight_log_5.csv | B6: 126 | C6: 1.0014 | D6: 0.00021 | E6: 1.0004 | F6: 1.0024 | G6: 0 | H6: 3 | I6: 3 | J6: 0
