Workbook

Sheet Data
A1: file | B1: window | C1: runtime | D1: latitude | E1: longitude | F1: gps_fix | G1: satellites | H1: groundspeed | I1: yaw | J1: north_from_mean_m | K1: east_from_mean_m | L1: dist_from_mean_m
A2: flight_log_1.csv | B2: log1_A | C2: 1.685034 | D2: -34.918384 | E2: 138.60555 | F2: 3 | G2: 29 | H2: 0.014142136 | I2: -2.4519432 | J2: =(D2-INDEX(Summary!$C:$C,MATCH(B2,Summary!$A:$A,0)))*Summary!$B$9 -> -1.0132454 | K2: =(E2-INDEX(Summary!$D:$D,MATCH(B2,Summary!$A:$A,0)))*Summary!$B$9*COS(RADIANS(D2)) -> 0.52557557 | L2: =SQRT(J2^2+K2^2) -> 1.1414447
A3: flight_log_1.csv | B3: log1_A | C3: 2.6870547 | D3: -34.918384 | E3: 138.60555 | F3: 3 | G3: 30 | H3: 0.01 | I3: -2.4523699 | J3: =(D3-INDEX(Summary!$C:$C,MATCH(B3,Summary!$A:$A,0)))*Summary!$B$9 -> -0.9687674 | K3: =(E3-INDEX(Summary!$D:$D,MATCH(B3,Summary!$A:$A,0)))*Summary!$B$9*COS(RADIANS(D3)) -> 0.5073403 | L3: =SQRT(J3^2+K3^2) -> 1.0935742
A4: flight_log_1.csv | B4: log1_A | C4: 3.6885779 | D4: -34.918384 | E4: 138.60555 | F4: 3 | G4: 27 | H4: 0 | I4: -2.4523258 | J4: =(D4-INDEX(Summary!$C:$C,MATCH(B4,Summary!$A:$A,0)))*Summary!$B$9 -> -0.9576479 | K4: =(E4-INDEX(Summary!$D:$D,MATCH(B4,Summary!$A:$A,0)))*Summary!$B$9*COS(RADIANS(D4)) -> 0.49822266 | L4: =SQRT(J4^2+K4^2) -> 1.0794977
A5: flight_log_1.csv | B5: log1_A | C5: 4.6897019 | D5: -34.918383 | E5: 138.60555 | F5: 3 | G5: 30 | H5: 0 | I5: -2.4523451 | J5: =(D5-INDEX(Summary!$C:$C,MATCH(B5,Summary!$A:$A,0)))*Summary!$B$9 -> -0.9242894 | K5: =(E5-INDEX(Summary!$D:$D,MATCH(B5,Summary!$A:$A,0)))*Summary!$B$9*COS(RADIANS(D5)) -> 0.48910502 | L5: =SQRT(J5^2+K5^2) -> 1.0457221
A6: flight_log_1.csv | B6: log1_A | C6: 5.691328 | D6: -34.918383 | E6: 138.60555 | F6: 3 | G6: 29 | H6: 0 | I6: -2.4524066 | J6: =(D6-INDEX(Summary!$C:$C,MATCH(B6,Summary!$A:$A,0)))*Summary!$B$9 -> -0.9020504 | K6: =(E6-INDEX(Summary!$D:$D,MATCH(B6,Summary!$A:$A,0)))*Summary!$B$9*COS(RADIANS(D6)) -> 0.46175212 | L6: =SQRT(J6^2+K6^2) -> 1.0133656
A7: flight_log_1.csv | B7: log1_A | C7: 6.6928288 | D7: -34.918383 | E7: 138.60555 | F7: 3 | G7: 28 | H7: 0 | I7: -2.4524219 | J7: =(D7-INDEX(Summary!$C:$C,MATCH(B7,Summary!$A:$A,0)))*Summary!$B$9 -> -0.9131699 | K7: =(E7-INDEX(Summary!$D:$D,MATCH(B7,Summary!$A:$A,0)))*Summary!$B$9*COS(RADIANS(D7)) -> 0.46175211 | L7: =SQRT(J7^2+K7^2) -> 1.0232762
A8: flight_log_1.csv | B8: log1_A | C8: 7.6942455 | D8: -34.918383 | E8: 138.60555 | F8: 3 | G8: 29 | H8: 0.02236068 | I8: -2.4525175 | J8: =(D8-INDEX(Summary!$C:$C,MATCH(B8,Summary!$A:$A,0)))*Summary!$B$9 -> -0.9131699 | K8: =(E8-INDEX(Summary!$D:$D,MATCH(B8,Summary!$A:$A,0)))*Summary!$B$9*COS(RADIANS(D8)) -> 0.46175211 | L8: =SQRT(J8^2+K8^2) -> 1.0232762
A9: flight_log_1.csv | B9: log1_A | C9: 8.6956325 | D9: -34.918383 | E9: 138.60555 | F9: 3 | G9: 28 | H9: 0.014142136 | I9: -2.4526052 | J9: =(D9-INDEX(Summary!$C:$C,MATCH(B9,Summary!$A:$A,0)))*Summary!$B$9 -> -0.9131699 | K9: =(E9-INDEX(Summary!$D:$D,MATCH(B9,Summary!$A:$A,0)))*Summary!$B$9*COS(RADIANS(D9)) -> 0.45263448 | L9: =SQRT(J9^2+K9^2) -> 1.0191944
A10: flight_log_1.csv | B10: log1_A | C10: 9.6970431 | D10: -34.918383 | E10: 138.60555 | F10: 3 | G10: 30 | H10: 0 | I10: -2.4526234 | J10: =(D10-INDEX(Summary!$C:$C,MATCH(B10,Summary!$A:$A,0)))*Summary!$B$9 -> -0.8798114 | K10: =(E10-INDEX(Summary!$D:$D,MATCH(B10,Summary!$A:$A,0)))*Summary!$B$9*COS(RADIANS(D10)) -> 0.42528157 | L10: =SQRT(J10^2+K10^2) -> 0.97720648
A11: flight_log_1.csv | B11: log1_A | C11: 10.698482 | D11: -34.918383 | E11: 138.60555 | F11: 3 | G11: 29 | H11: 0 | I11: -2.4526312 | J11: =(D11-INDEX(Summary!$C:$C,MATCH(B11,Summary!$A:$A,0)))*Summary!$B$9 -> -0.8575724 | K11: =(E11-INDEX(Summary!$D:$D,MATCH(B11,Summary!$A:$A,0)))*Summary!$B$9*COS(RADIANS(D11)) -> 0.39792866 | L11: =SQRT(J11^2+K11^2) -> 0.94539813
A12: flight_log_1.csv | B12: log1_A | C12: 11.699766 | D12: -34.918382 | E12: 138.60554 | F12: 3 | G12: 30 | H12: 0.01 | I12: -2.4527555 | J12: =(D12-INDEX(Summary!$C:$C,MATCH(B12,Summary!$A:$A,0)))*Summary!$B$9 -> -0.8242139 | K12: =(E12-INDEX(Summary!$D:$D,MATCH(B12,Summary!$A:$A,0)))*Summary!$B$9*COS(RADIANS(D12)) -> 0.37057575 | L12: =SQRT(J12^2+K12^2) -> 0.90368962
A13: flight_log_1.csv | B13: log1_A | C13: 12.701019 | D13: -34.918382 | E13: 138.60554 | F13: 3 | G13: 29 | H13: 0 | I13: -2.4528363 | J13: =(D13-INDEX(Summary!$C:$C,MATCH(B13,Summary!$A:$A,0)))*Summary!$B$9 -> -0.7908554 | K13: =(E13-INDEX(Summary!$D:$D,MATCH(B13,Summary!$A:$A,0)))*Summary!$B$9*COS(RADIANS(D13)) -> 0.35234047 | L13: =SQRT(J13^2+K13^2) -> 0.86579216
... A251: flight_log_3.csv | B251: log3_B | C251: 191.59963 | D251: -34.918337 | E251: 138.6055 | F251: 3 | G251: 31 | H251: 0 | I251: -2.0947397 | J251: =(D251-INDEX(Summary!$C:$C,MATCH(B251,Summary!$A:$A,0)))*Summary!$B$9 -> -0.223802 | K251: =(E251-INDEX(Summary!$D:$D,MATCH(B251,Summary!$A:$A,0)))*Summary!$B$9*COS(RADIANS(D251)) -> 0.13690936 | L251: =SQRT(J251^2+K251^2) -> 0.26235759

Sheet Summary
A1: window | B1: samples | C1: mean_latitude | D1: mean_longitude | E1: sd_north_m | F1: sd_east_m | G1: horizontal_sd_m | H1: max_dist_from_mean_m | I1: duration_s
A2: log1_A | B2: =COUNTIF(Data!$B$2:$B$251,A2) -> 73 | C2: =AVERAGEIFS(Data!$D$2:$D$251,Data!$B$2:$B$251,A2) -> -34.918375 | D2: =AVERAGEIFS(Data!$E$2:$E$251,Data!$B$2:$B$251,A2) -> 138.60554 | E2: =SQRT(SUMPRODUCT((Data!$B$2:$B$251=A2)*Data!$J$2:$J$251^2)/B2) -> 0.53730347 | F2: =SQRT(SUMPRODUCT((Data!$B$2:$B$251=A2)*Data!$K$2:$K$251^2)/B2) -> 0.28179888 | G2: =SQRT(E2^2+F2^2) -> 0.60671709 | H2: =_xlfn.MAXIFS(Data!$L$2:$L$251,Data!$B$2:$B$251,A2) -> 1.1414447 | I2: =_xlfn.MAXIFS(Data!$C$2:$C$251,Data!$B$2:$B$251,A2)-_xlfn.MINIFS(Data!$C$2:$C$251,Data!$B$2:$B$251,A2) -> 72.105296
A3: log2_A | B3: =COUNTIF(Data!$B$2:$B$251,A3) -> 34 | C3: =AVERAGEIFS(Data!$D$2:$D$251,Data!$B$2:$B$251,A3) -> -34.918382 | D3: =AVERAGEIFS(Data!$E$2:$E$251,Data!$B$2:$B$251,A3) -> 138.60555 | E3: =SQRT(SUMPRODUCT((Data!$B$2:$B$251=A3)*Data!$J$2:$J$251^2)/B3) -> 0.038507969 | F3: =SQRT(SUMPRODUCT((Data!$B$2:$B$251=A3)*Data!$K$2:$K$251^2)/B3) -> 0.037661784 | G3: =SQRT(E3^2+F3^2) -> 0.053863472 | H3: =_xlfn.MAXIFS(Data!$L$2:$L$251,Data!$B$2:$B$251,A3) -> 0.10815224 | I3: =_xlfn.MAXIFS(Data!$C$2:$C$251,Data!$B$2:$B$251,A3)-_xlfn.MINIFS(Data!$C$2:$C$251,Data!$B$2:$B$251,A3) -> 33.047515
A4: log3_A | B4: =COUNTIF(Data!$B$2:$B$251,A4) -> 17 | C4: =AVERAGEIFS(Data!$D$2:$D$251,Data!$B$2:$B$251,A4) -> -34.918385 | D4: =AVERAGEIFS(Data!$E$2:$E$251,Data!$B$2:$B$251,A4) -> 138.60555 | E4: =SQRT(SUMPRODUCT((Data!$B$2:$B$251=A4)*Data!$J$2:$J$251^2)/B4) -> 0.046720401 | F4: =SQRT(SUMPRODUCT((Data!$B$2:$B$251=A4)*Data!$K$2:$K$251^2)/B4) -> 0.057304715 | G4: =SQRT(E4^2+F4^2) -> 0.073936637 | H4: =_xlfn.MAXIFS(Data!$L$2:$L$251,Data!$B$2:$B$251,A4) -> 0.17035212 | I4: =_xlfn.MAXIFS(Data!$C$2:$C$251,Data!$B$2:$B$251,A4)-_xlfn.MINIFS(Data!$C$2:$C$251,Data!$B$2:$B$251,A4) -> 16.02363
A5: log3_B | B5: =COUNTIF(Data!$B$2:$B$251,A5) -> 126 | C5: =AVERAGEIFS(Data!$D$2:$D$251,Data!$B$2:$B$251,A5) -> -34.918335 | D5: =AVERAGEIFS(Data!$E$2:$E$251,Data!$B$2:$B$251,A5) -> 138.6055 | E5: =SQRT(SUMPRODUCT((Data!$B$2:$B$251=A5)*Data!$J$2:$J$251^2)/B5) -> 0.13054928 | F5: =SQRT(SUMPRODUCT((Data!$B$2:$B$251=A5)*Data!$K$2:$K$251^2)/B5) -> 0.31800942 | G5: =SQRT(E5^2+F5^2) -> 0.34376316 | H5: =_xlfn.MAXIFS(Data!$L$2:$L$251,Data!$B$2:$B$251,A5) -> 0.64936363 | I5: =_xlfn.MAXIFS(Data!$C$2:$C$251,Data!$B$2:$B$251,A5)-_xlfn.MINIFS(Data!$C$2:$C$251,Data!$B$2:$B$251,A5) -> 125.17743
A9: metres per degree latitude | B9: 111195
A10: Note: sd values are population standard deviations of the distance from each window's mean position (east scaled by cos(latitude)). horizontal_sd = sqrt(sd_north^2 + sd_east^2).
